<?xml version="1.0" encoding="UTF-8"?>
<root>
  <item name="com.prolificinteractive.materialcalendarview.CalendarPagerAdapter int getShowOtherDates()">
    <annotation name="android.support.annotation.IntDef">
      <val name="flag" val="true" />
      <val name="value" val="{com.prolificinteractive.materialcalendarview.MaterialCalendarView.SHOW_NONE, com.prolificinteractive.materialcalendarview.MaterialCalendarView.SHOW_ALL, com.prolificinteractive.materialcalendarview.MaterialCalendarView.SHOW_DEFAULTS, com.prolificinteractive.materialcalendarview.MaterialCalendarView.SHOW_OUT_OF_RANGE, com.prolificinteractive.materialcalendarview.MaterialCalendarView.SHOW_OTHER_MONTHS, com.prolificinteractive.materialcalendarview.MaterialCalendarView.SHOW_DECORATED_DISABLED}" />
    </annotation>
  </item>
  <item name="com.prolificinteractive.materialcalendarview.CalendarPagerAdapter void setShowOtherDates(int) 0">
    <annotation name="android.support.annotation.IntDef">
      <val name="flag" val="true" />
      <val name="value" val="{com.prolificinteractive.materialcalendarview.MaterialCalendarView.SHOW_NONE, com.prolificinteractive.materialcalendarview.MaterialCalendarView.SHOW_ALL, com.prolificinteractive.materialcalendarview.MaterialCalendarView.SHOW_DEFAULTS, com.prolificinteractive.materialcalendarview.MaterialCalendarView.SHOW_OUT_OF_RANGE, com.prolificinteractive.materialcalendarview.MaterialCalendarView.SHOW_OTHER_MONTHS, com.prolificinteractive.materialcalendarview.MaterialCalendarView.SHOW_DECORATED_DISABLED}" />
    </annotation>
  </item>
  <item name="com.prolificinteractive.materialcalendarview.CalendarPagerAdapter&lt;V&gt; showOtherDates">
    <annotation name="android.support.annotation.IntDef">
      <val name="flag" val="true" />
      <val name="value" val="{com.prolificinteractive.materialcalendarview.MaterialCalendarView.SHOW_NONE, com.prolificinteractive.materialcalendarview.MaterialCalendarView.SHOW_ALL, com.prolificinteractive.materialcalendarview.MaterialCalendarView.SHOW_DEFAULTS, com.prolificinteractive.materialcalendarview.MaterialCalendarView.SHOW_OUT_OF_RANGE, com.prolificinteractive.materialcalendarview.MaterialCalendarView.SHOW_OTHER_MONTHS, com.prolificinteractive.materialcalendarview.MaterialCalendarView.SHOW_DECORATED_DISABLED}" />
    </annotation>
  </item>
  <item name="com.prolificinteractive.materialcalendarview.CalendarPagerView showOtherDates">
    <annotation name="android.support.annotation.IntDef">
      <val name="flag" val="true" />
      <val name="value" val="{com.prolificinteractive.materialcalendarview.MaterialCalendarView.SHOW_NONE, com.prolificinteractive.materialcalendarview.MaterialCalendarView.SHOW_ALL, com.prolificinteractive.materialcalendarview.MaterialCalendarView.SHOW_DEFAULTS, com.prolificinteractive.materialcalendarview.MaterialCalendarView.SHOW_OUT_OF_RANGE, com.prolificinteractive.materialcalendarview.MaterialCalendarView.SHOW_OTHER_MONTHS, com.prolificinteractive.materialcalendarview.MaterialCalendarView.SHOW_DECORATED_DISABLED}" />
    </annotation>
  </item>
  <item name="com.prolificinteractive.materialcalendarview.CalendarPagerView void setShowOtherDates(int) 0">
    <annotation name="android.support.annotation.IntDef">
      <val name="flag" val="true" />
      <val name="value" val="{com.prolificinteractive.materialcalendarview.MaterialCalendarView.SHOW_NONE, com.prolificinteractive.materialcalendarview.MaterialCalendarView.SHOW_ALL, com.prolificinteractive.materialcalendarview.MaterialCalendarView.SHOW_DEFAULTS, com.prolificinteractive.materialcalendarview.MaterialCalendarView.SHOW_OUT_OF_RANGE, com.prolificinteractive.materialcalendarview.MaterialCalendarView.SHOW_OTHER_MONTHS, com.prolificinteractive.materialcalendarview.MaterialCalendarView.SHOW_DECORATED_DISABLED}" />
    </annotation>
  </item>
  <item name="com.prolificinteractive.materialcalendarview.DayView showOtherDates">
    <annotation name="android.support.annotation.IntDef">
      <val name="flag" val="true" />
      <val name="value" val="{com.prolificinteractive.materialcalendarview.MaterialCalendarView.SHOW_NONE, com.prolificinteractive.materialcalendarview.MaterialCalendarView.SHOW_ALL, com.prolificinteractive.materialcalendarview.MaterialCalendarView.SHOW_DEFAULTS, com.prolificinteractive.materialcalendarview.MaterialCalendarView.SHOW_OUT_OF_RANGE, com.prolificinteractive.materialcalendarview.MaterialCalendarView.SHOW_OTHER_MONTHS, com.prolificinteractive.materialcalendarview.MaterialCalendarView.SHOW_DECORATED_DISABLED}" />
    </annotation>
  </item>
  <item name="com.prolificinteractive.materialcalendarview.DayView void setupSelection(int, boolean, boolean) 0">
    <annotation name="android.support.annotation.IntDef">
      <val name="flag" val="true" />
      <val name="value" val="{com.prolificinteractive.materialcalendarview.MaterialCalendarView.SHOW_NONE, com.prolificinteractive.materialcalendarview.MaterialCalendarView.SHOW_ALL, com.prolificinteractive.materialcalendarview.MaterialCalendarView.SHOW_DEFAULTS, com.prolificinteractive.materialcalendarview.MaterialCalendarView.SHOW_OUT_OF_RANGE, com.prolificinteractive.materialcalendarview.MaterialCalendarView.SHOW_OTHER_MONTHS, com.prolificinteractive.materialcalendarview.MaterialCalendarView.SHOW_DECORATED_DISABLED}" />
    </annotation>
  </item>
  <item name="com.prolificinteractive.materialcalendarview.MaterialCalendarView boolean showDecoratedDisabled(int) 0">
    <annotation name="android.support.annotation.IntDef">
      <val name="flag" val="true" />
      <val name="value" val="{com.prolificinteractive.materialcalendarview.MaterialCalendarView.SHOW_NONE, com.prolificinteractive.materialcalendarview.MaterialCalendarView.SHOW_ALL, com.prolificinteractive.materialcalendarview.MaterialCalendarView.SHOW_DEFAULTS, com.prolificinteractive.materialcalendarview.MaterialCalendarView.SHOW_OUT_OF_RANGE, com.prolificinteractive.materialcalendarview.MaterialCalendarView.SHOW_OTHER_MONTHS, com.prolificinteractive.materialcalendarview.MaterialCalendarView.SHOW_DECORATED_DISABLED}" />
    </annotation>
  </item>
  <item name="com.prolificinteractive.materialcalendarview.MaterialCalendarView boolean showOtherMonths(int) 0">
    <annotation name="android.support.annotation.IntDef">
      <val name="flag" val="true" />
      <val name="value" val="{com.prolificinteractive.materialcalendarview.MaterialCalendarView.SHOW_NONE, com.prolificinteractive.materialcalendarview.MaterialCalendarView.SHOW_ALL, com.prolificinteractive.materialcalendarview.MaterialCalendarView.SHOW_DEFAULTS, com.prolificinteractive.materialcalendarview.MaterialCalendarView.SHOW_OUT_OF_RANGE, com.prolificinteractive.materialcalendarview.MaterialCalendarView.SHOW_OTHER_MONTHS, com.prolificinteractive.materialcalendarview.MaterialCalendarView.SHOW_DECORATED_DISABLED}" />
    </annotation>
  </item>
  <item name="com.prolificinteractive.materialcalendarview.MaterialCalendarView boolean showOutOfRange(int) 0">
    <annotation name="android.support.annotation.IntDef">
      <val name="flag" val="true" />
      <val name="value" val="{com.prolificinteractive.materialcalendarview.MaterialCalendarView.SHOW_NONE, com.prolificinteractive.materialcalendarview.MaterialCalendarView.SHOW_ALL, com.prolificinteractive.materialcalendarview.MaterialCalendarView.SHOW_DEFAULTS, com.prolificinteractive.materialcalendarview.MaterialCalendarView.SHOW_OUT_OF_RANGE, com.prolificinteractive.materialcalendarview.MaterialCalendarView.SHOW_OTHER_MONTHS, com.prolificinteractive.materialcalendarview.MaterialCalendarView.SHOW_DECORATED_DISABLED}" />
    </annotation>
  </item>
  <item name="com.prolificinteractive.materialcalendarview.MaterialCalendarView int getSelectionMode()">
    <annotation name="android.support.annotation.IntDef">
      <val name="value" val="{com.prolificinteractive.materialcalendarview.MaterialCalendarView.SELECTION_MODE_NONE, com.prolificinteractive.materialcalendarview.MaterialCalendarView.SELECTION_MODE_SINGLE, com.prolificinteractive.materialcalendarview.MaterialCalendarView.SELECTION_MODE_MULTIPLE, com.prolificinteractive.materialcalendarview.MaterialCalendarView.SELECTION_MODE_RANGE}" />
    </annotation>
  </item>
  <item name="com.prolificinteractive.materialcalendarview.MaterialCalendarView int getShowOtherDates()">
    <annotation name="android.support.annotation.IntDef">
      <val name="flag" val="true" />
      <val name="value" val="{com.prolificinteractive.materialcalendarview.MaterialCalendarView.SHOW_NONE, com.prolificinteractive.materialcalendarview.MaterialCalendarView.SHOW_ALL, com.prolificinteractive.materialcalendarview.MaterialCalendarView.SHOW_DEFAULTS, com.prolificinteractive.materialcalendarview.MaterialCalendarView.SHOW_OUT_OF_RANGE, com.prolificinteractive.materialcalendarview.MaterialCalendarView.SHOW_OTHER_MONTHS, com.prolificinteractive.materialcalendarview.MaterialCalendarView.SHOW_DECORATED_DISABLED}" />
    </annotation>
  </item>
  <item name="com.prolificinteractive.materialcalendarview.MaterialCalendarView selectionMode">
    <annotation name="android.support.annotation.IntDef">
      <val name="value" val="{com.prolificinteractive.materialcalendarview.MaterialCalendarView.SELECTION_MODE_NONE, com.prolificinteractive.materialcalendarview.MaterialCalendarView.SELECTION_MODE_SINGLE, com.prolificinteractive.materialcalendarview.MaterialCalendarView.SELECTION_MODE_MULTIPLE, com.prolificinteractive.materialcalendarview.MaterialCalendarView.SELECTION_MODE_RANGE}" />
    </annotation>
  </item>
  <item name="com.prolificinteractive.materialcalendarview.MaterialCalendarView void setSelectionMode(int) 0">
    <annotation name="android.support.annotation.IntDef">
      <val name="value" val="{com.prolificinteractive.materialcalendarview.MaterialCalendarView.SELECTION_MODE_NONE, com.prolificinteractive.materialcalendarview.MaterialCalendarView.SELECTION_MODE_SINGLE, com.prolificinteractive.materialcalendarview.MaterialCalendarView.SELECTION_MODE_MULTIPLE, com.prolificinteractive.materialcalendarview.MaterialCalendarView.SELECTION_MODE_RANGE}" />
    </annotation>
  </item>
  <item name="com.prolificinteractive.materialcalendarview.MaterialCalendarView void setShowOtherDates(int) 0">
    <annotation name="android.support.annotation.IntDef">
      <val name="flag" val="true" />
      <val name="value" val="{com.prolificinteractive.materialcalendarview.MaterialCalendarView.SHOW_NONE, com.prolificinteractive.materialcalendarview.MaterialCalendarView.SHOW_ALL, com.prolificinteractive.materialcalendarview.MaterialCalendarView.SHOW_DEFAULTS, com.prolificinteractive.materialcalendarview.MaterialCalendarView.SHOW_OUT_OF_RANGE, com.prolificinteractive.materialcalendarview.MaterialCalendarView.SHOW_OTHER_MONTHS, com.prolificinteractive.materialcalendarview.MaterialCalendarView.SHOW_DECORATED_DISABLED}" />
    </annotation>
  </item>
</root>

